"PID","ID_0","ISO","NAME_0","ID_1","NAME_1","ID_2","NAME_2","NL_NAME_2","VARNAME_2","TYPE_2","ENGTYPE_2"
20286,158,"NLD","Netherlands",8,"Noord-Brabant",233,"Mierlo"," "," ","Gemeente","Municipality"
20287,158,"NLD","Netherlands",8,"Noord-Brabant",234,"Mill en Sint Hubert"," "," ","Gemeente","Municipality"
20288,158,"NLD","Netherlands",8,"Noord-Brabant",235,"Moerdijk"," ","Zevenbergen","Gemeente","Municipality"
20289,158,"NLD","Netherlands",8,"Noord-Brabant",236,"Nuenen c.a."," "," ","Gemeente","Municipality"
20290,158,"NLD","Netherlands",8,"Noord-Brabant",237,"Oirschot"," "," ","Gemeente","Municipality"
20291,158,"NLD","Netherlands",8,"Noord-Brabant",238,"Oisterwijk"," "," ","Gemeente","Municipality"
20292,158,"NLD","Netherlands",8,"Noord-Brabant",239,"Oosterhout"," "," ","Gemeente","Municipality"
20293,158,"NLD","Netherlands",8,"Noord-Brabant",240,"Oss"," "," ","Gemeente","Municipality"
20294,158,"NLD","Netherlands",8,"Noord-Brabant",241,"Reusel-De Mierden"," "," ","Gemeente","Municipality"
20295,158,"NLD","Netherlands",8,"Noord-Brabant",242,"Roosendaal"," "," ","Gemeente","Municipality"
20296,158,"NLD","Netherlands",8,"Noord-Brabant",243,"Rucphen"," "," ","Gemeente","Municipality"
20297,158,"NLD","Netherlands",8,"Noord-Brabant",244,"Schijndel"," "," ","Gemeente","Municipality"
20298,158,"NLD","Netherlands",8,"Noord-Brabant",245,"Sint-Michielsgestel"," "," ","Gemeente","Municipality"
20299,158,"NLD","Netherlands",8,"Noord-Brabant",246,"Sint-Oedenrode"," "," ","Gemeente","Municipality"
20300,158,"NLD","Netherlands",8,"Noord-Brabant",247,"Sint Anthonis"," "," ","Gemeente","Municipality"
20301,158,"NLD","Netherlands",8,"Noord-Brabant",248,"Someren"," "," ","Gemeente","Municipality"
20302,158,"NLD","Netherlands",8,"Noord-Brabant",249,"Son en Breugel"," "," ","Gemeente","Municipality"
20303,158,"NLD","Netherlands",8,"Noord-Brabant",250,"Steenbergen"," "," ","Gemeente","Municipality"
20304,158,"NLD","Netherlands",8,"Noord-Brabant",251,"Tilburg"," "," ","Gemeente","Municipality"
20305,158,"NLD","Netherlands",8,"Noord-Brabant",252,"Uden"," "," ","Gemeente","Municipality"
20306,158,"NLD","Netherlands",8,"Noord-Brabant",253,"Valkenswaard"," "," ","Gemeente","Municipality"
20307,158,"NLD","Netherlands",14,"Zuid-Holland",469,"Sassenheim"," "," ","Gemeente","Municipality"
20308,158,"NLD","Netherlands",14,"Zuid-Holland",470,"Schiedam"," "," ","Gemeente","Municipality"
20309,158,"NLD","Netherlands",14,"Zuid-Holland",471,"Schipluiden"," "," ","Gemeente","Municipality"
20310,158,"NLD","Netherlands",14,"Zuid-Holland",472,"Schoonhoven"," "," ","Gemeente","Municipality"
20311,158,"NLD","Netherlands",14,"Zuid-Holland",473,"Sliedrecht"," "," ","Gemeente","Municipality"
20312,158,"NLD","Netherlands",14,"Zuid-Holland",474,"Spijkenisse"," "," ","Gemeente","Municipality"
20313,158,"NLD","Netherlands",14,"Zuid-Holland",475,"Strijen"," "," ","Gemeente","Municipality"
20314,158,"NLD","Netherlands",14,"Zuid-Holland",476,"Ter Aar"," "," ","Gemeente","Municipality"
20315,158,"NLD","Netherlands",14,"Zuid-Holland",477,"Valkenburg"," "," ","Gemeente","Municipality"
20316,158,"NLD","Netherlands",14,"Zuid-Holland",478,"Vlaardingen"," "," ","Gemeente","Municipality"
20317,158,"NLD","Netherlands",14,"Zuid-Holland",479,"Vlist"," "," ","Gemeente","Municipality"
20318,158,"NLD","Netherlands",14,"Zuid-Holland",480,"Voorhout"," "," ","Gemeente","Municipality"
20319,158,"NLD","Netherlands",14,"Zuid-Holland",481,"Voorschoten"," "," ","Gemeente","Municipality"
20320,158,"NLD","Netherlands",14,"Zuid-Holland",482,"Waddinxveen"," "," ","Gemeente","Municipality"
20321,158,"NLD","Netherlands",14,"Zuid-Holland",483,"Warmond"," "," ","Gemeente","Municipality"
20322,158,"NLD","Netherlands",14,"Zuid-Holland",484,"Wassenaar"," "," ","Gemeente","Municipality"
20323,158,"NLD","Netherlands",14,"Zuid-Holland",485,"Wateringen"," "," ","Gemeente","Municipality"
20324,158,"NLD","Netherlands",14,"Zuid-Holland",486,"Westvoorne"," "," ","Gemeente","Municipality"
20325,158,"NLD","Netherlands",14,"Zuid-Holland",487,"Zederik"," "," ","Gemeente","Municipality"
20326,158,"NLD","Netherlands",14,"Zuid-Holland",488,"Zevenhuizen-Moerkapelle"," "," ","Gemeente","Municipality"
20327,158,"NLD","Netherlands",14,"Zuid-Holland",489,"Zoetermeer"," "," ","Gemeente","Municipality"
24366,158,"NLD","Netherlands",1,"Drenthe",1,"Aa en Hunze"," "," ","Gemeente","Municipality"
24367,158,"NLD","Netherlands",1,"Drenthe",2,"Assen"," "," ","Gemeente","Municipality"
24368,158,"NLD","Netherlands",1,"Drenthe",3,"Borger-Odoorn"," "," ","Gemeente","Municipality"
24369,158,"NLD","Netherlands",1,"Drenthe",4,"Coevorden"," "," ","Gemeente","Municipality"
24370,158,"NLD","Netherlands",1,"Drenthe",5,"De Wolden"," "," ","Gemeente","Municipality"
24371,158,"NLD","Netherlands",1,"Drenthe",6,"Emmen"," "," ","Gemeente","Municipality"
24372,158,"NLD","Netherlands",1,"Drenthe",7,"Hoogeveen"," "," ","Gemeente","Municipality"
24373,158,"NLD","Netherlands",1,"Drenthe",8,"Meppel"," "," ","Gemeente","Municipality"
24374,158,"NLD","Netherlands",1,"Drenthe",9,"Midden-Drenthe"," ","Middenveld","Gemeente","Municipality"
24375,158,"NLD","Netherlands",1,"Drenthe",10,"Noordenveld"," "," ","Gemeente","Municipality"
24376,158,"NLD","Netherlands",1,"Drenthe",11,"Tynaarlo"," ","Zuidlaren","Gemeente","Municipality"
24377,158,"NLD","Netherlands",1,"Drenthe",12,"Westerveld"," "," ","Gemeente","Municipality"
24378,158,"NLD","Netherlands",2,"Flevoland",13,"Almere"," "," ","Gemeente","Municipality"
24379,158,"NLD","Netherlands",2,"Flevoland",14,"Dronten"," "," ","Gemeente","Municipality"
24380,158,"NLD","Netherlands",2,"Flevoland",15,"Lelystad"," "," ","Gemeente","Municipality"
24381,158,"NLD","Netherlands",2,"Flevoland",16,"Noordoostpolder"," "," ","Gemeente","Municipality"
24382,158,"NLD","Netherlands",2,"Flevoland",17,"Urk"," "," ","Gemeente","Municipality"
24383,158,"NLD","Netherlands",2,"Flevoland",18,"Zeewolde"," "," ","Gemeente","Municipality"
24384,158,"NLD","Netherlands",3,"Friesland",19,"Achtkarspelen"," "," ","Gemeente","Municipality"
24385,158,"NLD","Netherlands",3,"Friesland",20,"Ameland"," "," ","Gemeente","Municipality"
24386,158,"NLD","Netherlands",3,"Friesland",21,"Boarnsterhim"," "," ","Gemeente","Municipality"
24387,158,"NLD","Netherlands",3,"Friesland",22,"Bolsward"," "," ","Gemeente","Municipality"
24388,158,"NLD","Netherlands",3,"Friesland",23,"Dantumadeel"," "," ","Gemeente","Municipality"
24389,158,"NLD","Netherlands",3,"Friesland",24,"Dongeradeel"," "," ","Gemeente","Municipality"
24390,158,"NLD","Netherlands",3,"Friesland",25,"Ferwerderadiel"," ","Ferwerderadeel","Gemeente","Municipality"
24391,158,"NLD","Netherlands",3,"Friesland",26,"Franekeradeel"," "," ","Gemeente","Municipality"
24392,158,"NLD","Netherlands",3,"Friesland",27,"Gaasterlân-Sleat"," "," ","Gemeente","Municipality"
24393,158,"NLD","Netherlands",3,"Friesland",28,"Harlingen"," "," ","Gemeente","Municipality"
24394,158,"NLD","Netherlands",3,"Friesland",29,"Heerenveen"," "," ","Gemeente","Municipality"
24395,158,"NLD","Netherlands",3,"Friesland",30,"Het Bildt"," "," ","Gemeente","Municipality"
24396,158,"NLD","Netherlands",3,"Friesland",31,"Kollumerland c.a."," ","Kollumerland en Nieuwkruisland","Gemeente","Municipality"
24397,158,"NLD","Netherlands",3,"Friesland",32,"Leeuwarden"," "," ","Gemeente","Municipality"
24398,158,"NLD","Netherlands",3,"Friesland",33,"Leeuwarderadeel"," "," ","Gemeente","Municipality"
24399,158,"NLD","Netherlands",3,"Friesland",34,"Lemsterland"," "," ","Gemeente","Municipality"
24400,158,"NLD","Netherlands",3,"Friesland",35,"Littenseradiel"," "," ","Gemeente","Municipality"
24401,158,"NLD","Netherlands",3,"Friesland",36,"Menaldumadeel"," "," ","Gemeente","Municipality"
24402,158,"NLD","Netherlands",3,"Friesland",37,"Nijefurd"," "," ","Gemeente","Municipality"
24403,158,"NLD","Netherlands",3,"Friesland",38,"Ooststellingwerf"," "," ","Gemeente","Municipality"
24404,158,"NLD","Netherlands",3,"Friesland",39,"Opsterland"," "," ","Gemeente","Municipality"
24405,158,"NLD","Netherlands",3,"Friesland",40,"Schiermonnikoog"," "," ","Gemeente","Municipality"
24406,158,"NLD","Netherlands",3,"Friesland",41,"Skarsterlân"," "," ","Gemeente","Municipality"
24407,158,"NLD","Netherlands",3,"Friesland",42,"Smallingerland"," "," ","Gemeente","Municipality"
24408,158,"NLD","Netherlands",3,"Friesland",43,"Sneek"," "," ","Gemeente","Municipality"
24409,158,"NLD","Netherlands",3,"Friesland",44,"Terschelling"," "," ","Gemeente","Municipality"
24410,158,"NLD","Netherlands",3,"Friesland",45,"Tytsjerksteradiel"," "," ","Gemeente","Municipality"
24411,158,"NLD","Netherlands",3,"Friesland",46,"Vlieland"," "," ","Gemeente","Municipality"
24412,158,"NLD","Netherlands",3,"Friesland",47,"Weststellingwerf"," "," ","Gemeente","Municipality"
24413,158,"NLD","Netherlands",3,"Friesland",48,"Wûnseradiel"," "," ","Gemeente","Municipality"
24414,158,"NLD","Netherlands",3,"Friesland",49,"Wymbritseradiel"," "," ","Gemeente","Municipality"
24415,158,"NLD","Netherlands",4,"Gelderland",50,"Aalten"," "," ","Gemeente","Municipality"
24416,158,"NLD","Netherlands",4,"Gelderland",51,"Angerlo"," "," ","Gemeente","Municipality"
24417,158,"NLD","Netherlands",4,"Gelderland",52,"Apeldoorn"," "," ","Gemeente","Municipality"
24418,158,"NLD","Netherlands",4,"Gelderland",53,"Arnhem"," "," ","Gemeente","Municipality"
24419,158,"NLD","Netherlands",4,"Gelderland",54,"Barneveld"," "," ","Gemeente","Municipality"
24420,158,"NLD","Netherlands",4,"Gelderland",55,"Bergh"," "," ","Gemeente","Municipality"
24421,158,"NLD","Netherlands",4,"Gelderland",56,"Beuningen"," "," ","Gemeente","Municipality"
24422,158,"NLD","Netherlands",4,"Gelderland",57,"Borculo"," "," ","Gemeente","Municipality"
24423,158,"NLD","Netherlands",4,"Gelderland",58,"Brummen"," "," ","Gemeente","Municipality"
24424,158,"NLD","Netherlands",4,"Gelderland",59,"Buren"," "," ","Gemeente","Municipality"
24425,158,"NLD","Netherlands",4,"Gelderland",60,"Culemborg"," "," ","Gemeente","Municipality"
24426,158,"NLD","Netherlands",4,"Gelderland",61,"Didam"," "," ","Gemeente","Municipality"
24427,158,"NLD","Netherlands",4,"Gelderland",62,"Dinxperlo"," "," ","Gemeente","Municipality"
24428,158,"NLD","Netherlands",4,"Gelderland",63,"Doesburg"," "," ","Gemeente","Municipality"
24429,158,"NLD","Netherlands",4,"Gelderland",64,"Doetinchem"," "," ","Gemeente","Municipality"
24430,158,"NLD","Netherlands",4,"Gelderland",65,"Druten"," "," ","Gemeente","Municipality"
24431,158,"NLD","Netherlands",4,"Gelderland",66,"Duiven"," "," ","Gemeente","Municipality"
24432,158,"NLD","Netherlands",4,"Gelderland",67,"Ede"," "," ","Gemeente","Municipality"
24433,158,"NLD","Netherlands",4,"Gelderland",68,"Eibergen"," "," ","Gemeente","Municipality"
24434,158,"NLD","Netherlands",4,"Gelderland",69,"Elburg"," "," ","Gemeente","Municipality"
24435,158,"NLD","Netherlands",4,"Gelderland",70,"Epe"," "," ","Gemeente","Municipality"
24436,158,"NLD","Netherlands",4,"Gelderland",71,"Ermelo"," "," ","Gemeente","Municipality"
24437,158,"NLD","Netherlands",4,"Gelderland",72,"Geldermalsen"," "," ","Gemeente","Municipality"
24438,158,"NLD","Netherlands",4,"Gelderland",73,"Gendringen"," "," ","Gemeente","Municipality"
24439,158,"NLD","Netherlands",4,"Gelderland",74,"Gorssel"," "," ","Gemeente","Municipality"
24440,158,"NLD","Netherlands",4,"Gelderland",75,"Groenlo"," "," ","Gemeente","Municipality"
24441,158,"NLD","Netherlands",4,"Gelderland",76,"Groesbeek"," "," ","Gemeente","Municipality"
24442,158,"NLD","Netherlands",4,"Gelderland",77,"Harderwijk"," "," ","Gemeente","Municipality"
24443,158,"NLD","Netherlands",4,"Gelderland",78,"Hattem"," "," ","Gemeente","Municipality"
24444,158,"NLD","Netherlands",4,"Gelderland",79,"Heerde"," "," ","Gemeente","Municipality"
24445,158,"NLD","Netherlands",4,"Gelderland",80,"Hengelo"," "," ","Gemeente","Municipality"
24446,158,"NLD","Netherlands",4,"Gelderland",81,"Heumen"," "," ","Gemeente","Municipality"
24447,158,"NLD","Netherlands",4,"Gelderland",82,"Hummelo en Keppel"," "," ","Gemeente","Municipality"
24448,158,"NLD","Netherlands",4,"Gelderland",83,"Kesteren"," ","Neder-Betuwe","Gemeente","Municipality"
24449,158,"NLD","Netherlands",4,"Gelderland",84,"Lichtenvoorde"," "," ","Gemeente","Municipality"
24450,158,"NLD","Netherlands",4,"Gelderland",85,"Lingewaal"," "," ","Gemeente","Municipality"
24451,158,"NLD","Netherlands",4,"Gelderland",86,"Lingewaard"," ","Bemmel","Gemeente","Municipality"
24452,158,"NLD","Netherlands",4,"Gelderland",87,"Lochem"," "," ","Gemeente","Municipality"
24453,158,"NLD","Netherlands",4,"Gelderland",88,"Maasdriel"," "," ","Gemeente","Municipality"
24454,158,"NLD","Netherlands",4,"Gelderland",89,"Millingen aan de Rijn"," "," ","Gemeente","Municipality"
24455,158,"NLD","Netherlands",4,"Gelderland",90,"Neede"," "," ","Gemeente","Municipality"
24456,158,"NLD","Netherlands",4,"Gelderland",91,"Neerijnen"," "," ","Gemeente","Municipality"
24457,158,"NLD","Netherlands",4,"Gelderland",92,"Nijkerk"," "," ","Gemeente","Municipality"
24458,158,"NLD","Netherlands",4,"Gelderland",93,"Nijmegen"," "," ","Gemeente","Municipality"
24459,158,"NLD","Netherlands",4,"Gelderland",94,"Nunspeet"," "," ","Gemeente","Municipality"
24460,158,"NLD","Netherlands",4,"Gelderland",95,"Oldebroek"," "," ","Gemeente","Municipality"
24461,158,"NLD","Netherlands",4,"Gelderland",96,"Overbetuwe"," "," ","Gemeente","Municipality"
24462,158,"NLD","Netherlands",4,"Gelderland",97,"Putten"," "," ","Gemeente","Municipality"
24463,158,"NLD","Netherlands",4,"Gelderland",98,"Renkum"," "," ","Gemeente","Municipality"
24464,158,"NLD","Netherlands",4,"Gelderland",99,"Rheden"," "," ","Gemeente","Municipality"
24465,158,"NLD","Netherlands",4,"Gelderland",100,"Rijnwaarden"," "," ","Gemeente","Municipality"
24466,158,"NLD","Netherlands",4,"Gelderland",101,"Rozendaal"," "," ","Gemeente","Municipality"
24467,158,"NLD","Netherlands",4,"Gelderland",102,"Ruurlo"," "," ","Gemeente","Municipality"
24468,158,"NLD","Netherlands",4,"Gelderland",103,"Scherpenzeel"," "," ","Gemeente","Municipality"
24469,158,"NLD","Netherlands",4,"Gelderland",104,"Steenderen"," "," ","Gemeente","Municipality"
24470,158,"NLD","Netherlands",4,"Gelderland",105,"Tiel"," "," ","Gemeente","Municipality"
24471,158,"NLD","Netherlands",4,"Gelderland",106,"Ubbergen"," "," ","Gemeente","Municipality"
24472,158,"NLD","Netherlands",4,"Gelderland",107,"Voorst"," "," ","Gemeente","Municipality"
24473,158,"NLD","Netherlands",4,"Gelderland",108,"Vorden"," "," ","Gemeente","Municipality"
24474,158,"NLD","Netherlands",4,"Gelderland",109,"Wageningen"," "," ","Gemeente","Municipality"
24475,158,"NLD","Netherlands",4,"Gelderland",110,"Warnsveld"," "," ","Gemeente","Municipality"
24476,158,"NLD","Netherlands",4,"Gelderland",111,"Wehl"," "," ","Gemeente","Municipality"
24477,158,"NLD","Netherlands",4,"Gelderland",112,"West Maas en Waal"," "," ","Gemeente","Municipality"
24478,158,"NLD","Netherlands",4,"Gelderland",113,"Westervoort"," "," ","Gemeente","Municipality"
24479,158,"NLD","Netherlands",4,"Gelderland",114,"Wijchen"," "," ","Gemeente","Municipality"
24480,158,"NLD","Netherlands",4,"Gelderland",115,"Winterswijk"," "," ","Gemeente","Municipality"
24481,158,"NLD","Netherlands",4,"Gelderland",116,"Wisch"," "," ","Gemeente","Municipality"
24482,158,"NLD","Netherlands",4,"Gelderland",117,"Zaltbommel"," "," ","Gemeente","Municipality"
24483,158,"NLD","Netherlands",4,"Gelderland",118,"Zelhem"," "," ","Gemeente","Municipality"
24484,158,"NLD","Netherlands",4,"Gelderland",119,"Zevenaar"," "," ","Gemeente","Municipality"
24485,158,"NLD","Netherlands",4,"Gelderland",120,"Zutphen"," "," ","Gemeente","Municipality"
24486,158,"NLD","Netherlands",5,"Groningen",121,"Appingedam"," "," ","Gemeente","Municipality"
24487,158,"NLD","Netherlands",5,"Groningen",122,"Bedum"," "," ","Gemeente","Municipality"
24488,158,"NLD","Netherlands",5,"Groningen",123,"Bellingwedde"," "," ","Gemeente","Municipality"
24489,158,"NLD","Netherlands",5,"Groningen",124,"De Marne"," "," ","Gemeente","Municipality"
24490,158,"NLD","Netherlands",5,"Groningen",125,"Delfzijl"," "," ","Gemeente","Municipality"
24491,158,"NLD","Netherlands",5,"Groningen",126,"Eemsmond"," "," ","Gemeente","Municipality"
24492,158,"NLD","Netherlands",5,"Groningen",127,"Groningen"," "," ","Gemeente","Municipality"
24493,158,"NLD","Netherlands",5,"Groningen",128,"Grootegast"," "," ","Gemeente","Municipality"
24494,158,"NLD","Netherlands",5,"Groningen",129,"Haren"," "," ","Gemeente","Municipality"
24495,158,"NLD","Netherlands",5,"Groningen",130,"Hoogezand-Sappemeer"," "," ","Gemeente","Municipality"
24496,158,"NLD","Netherlands",5,"Groningen",131,"Leek"," "," ","Gemeente","Municipality"
24497,158,"NLD","Netherlands",5,"Groningen",132,"Loppersum"," "," ","Gemeente","Municipality"
24498,158,"NLD","Netherlands",5,"Groningen",133,"Marum"," "," ","Gemeente","Municipality"
24499,158,"NLD","Netherlands",5,"Groningen",134,"Menterwolde"," "," ","Gemeente","Municipality"
24500,158,"NLD","Netherlands",5,"Groningen",135,"Pekela"," "," ","Gemeente","Municipality"
24501,158,"NLD","Netherlands",5,"Groningen",136,"Reiderland"," "," ","Gemeente","Municipality"
24502,158,"NLD","Netherlands",5,"Groningen",137,"Scheemda"," "," ","Gemeente","Municipality"
24503,158,"NLD","Netherlands",5,"Groningen",138,"Slochteren"," "," ","Gemeente","Municipality"
24504,158,"NLD","Netherlands",5,"Groningen",139,"Stadskanaal"," "," ","Gemeente","Municipality"
24505,158,"NLD","Netherlands",5,"Groningen",140,"Ten Boer"," "," ","Gemeente","Municipality"
24506,158,"NLD","Netherlands",5,"Groningen",141,"Veendam"," "," ","Gemeente","Municipality"
24507,158,"NLD","Netherlands",5,"Groningen",142,"Vlagtwedde"," "," ","Gemeente","Municipality"
24508,158,"NLD","Netherlands",5,"Groningen",143,"Winschoten"," "," ","Gemeente","Municipality"
24509,158,"NLD","Netherlands",5,"Groningen",144,"Winsum"," "," ","Gemeente","Municipality"
24510,158,"NLD","Netherlands",5,"Groningen",145,"Zuidhorn"," "," ","Gemeente","Municipality"
24511,158,"NLD","Netherlands",6,"IJsselmeer",146," "," "," ","Gemeente","Water body"
24512,158,"NLD","Netherlands",7,"Limburg",147,"Ambt Montfort"," "," ","Gemeente","Municipality"
24513,158,"NLD","Netherlands",7,"Limburg",148,"Arcen en Velden"," "," ","Gemeente","Municipality"
24514,158,"NLD","Netherlands",7,"Limburg",149,"Beek"," "," ","Gemeente","Municipality"
24515,158,"NLD","Netherlands",7,"Limburg",150,"Beesel"," "," ","Gemeente","Municipality"
24516,158,"NLD","Netherlands",7,"Limburg",151,"Bergen"," "," ","Gemeente","Municipality"
24517,158,"NLD","Netherlands",7,"Limburg",152,"Brunssum"," "," ","Gemeente","Municipality"
24518,158,"NLD","Netherlands",7,"Limburg",153,"Echt-Susteren"," "," ","Gemeente","Municipality"
24519,158,"NLD","Netherlands",7,"Limburg",154,"Eijsden"," "," ","Gemeente","Municipality"
24520,158,"NLD","Netherlands",7,"Limburg",155,"Gennep"," "," ","Gemeente","Municipality"
24521,158,"NLD","Netherlands",7,"Limburg",156,"Gulpen-Wittem"," "," ","Gemeente","Municipality"
24522,158,"NLD","Netherlands",7,"Limburg",157,"Haelen"," "," ","Gemeente","Municipality"
24523,158,"NLD","Netherlands",7,"Limburg",158,"Heel"," "," ","Gemeente","Municipality"
24524,158,"NLD","Netherlands",7,"Limburg",159,"Heerlen"," "," ","Gemeente","Municipality"
24525,158,"NLD","Netherlands",7,"Limburg",160,"Helden"," "," ","Gemeente","Municipality"
24526,158,"NLD","Netherlands",7,"Limburg",161,"Heythuysen"," "," ","Gemeente","Municipality"
24527,158,"NLD","Netherlands",7,"Limburg",162,"Horst aan de Maas"," "," ","Gemeente","Municipality"
24528,158,"NLD","Netherlands",7,"Limburg",163,"Hunsel"," "," ","Gemeente","Municipality"
24529,158,"NLD","Netherlands",7,"Limburg",164,"Kerkrade"," "," ","Gemeente","Municipality"
24530,158,"NLD","Netherlands",7,"Limburg",165,"Kessel"," "," ","Gemeente","Municipality"
24531,158,"NLD","Netherlands",7,"Limburg",166,"Landgraaf"," "," ","Gemeente","Municipality"
24532,158,"NLD","Netherlands",7,"Limburg",167,"Maasbracht"," "," ","Gemeente","Municipality"
24533,158,"NLD","Netherlands",7,"Limburg",168,"Maasbree"," "," ","Gemeente","Municipality"
24534,158,"NLD","Netherlands",7,"Limburg",169,"Maastricht"," "," ","Gemeente","Municipality"
24535,158,"NLD","Netherlands",7,"Limburg",170,"Margraten"," "," ","Gemeente","Municipality"
24536,158,"NLD","Netherlands",7,"Limburg",171,"Meerlo-Wanssum"," "," ","Gemeente","Municipality"
24537,158,"NLD","Netherlands",7,"Limburg",172,"Meerssen"," "," ","Gemeente","Municipality"
24538,158,"NLD","Netherlands",7,"Limburg",173,"Meijel"," "," ","Gemeente","Municipality"
24539,158,"NLD","Netherlands",7,"Limburg",174,"Mook en Middelaar"," "," ","Gemeente","Municipality"
24540,158,"NLD","Netherlands",7,"Limburg",175,"Nederweert"," "," ","Gemeente","Municipality"
24541,158,"NLD","Netherlands",7,"Limburg",176,"Nuth"," "," ","Gemeente","Municipality"
24542,158,"NLD","Netherlands",7,"Limburg",177,"Onderbanken"," "," ","Gemeente","Municipality"
24543,158,"NLD","Netherlands",7,"Limburg",178,"Roerdalen"," "," ","Gemeente","Municipality"
24544,158,"NLD","Netherlands",7,"Limburg",179,"Roermond"," "," ","Gemeente","Municipality"
24545,158,"NLD","Netherlands",7,"Limburg",180,"Roggel en Neer"," "," ","Gemeente","Municipality"
24546,158,"NLD","Netherlands",7,"Limburg",181,"Schinnen"," "," ","Gemeente","Municipality"
24547,158,"NLD","Netherlands",7,"Limburg",182,"Sevenum"," "," ","Gemeente","Municipality"
24548,158,"NLD","Netherlands",7,"Limburg",183,"Simpelveld"," "," ","Gemeente","Municipality"
24549,158,"NLD","Netherlands",7,"Limburg",184,"Sittard-Geleen"," "," ","Gemeente","Municipality"
24550,158,"NLD","Netherlands",7,"Limburg",185,"Stein"," "," ","Gemeente","Municipality"
24551,158,"NLD","Netherlands",7,"Limburg",186,"Swalmen"," "," ","Gemeente","Municipality"
24552,158,"NLD","Netherlands",7,"Limburg",187,"Thorn"," "," ","Gemeente","Municipality"
24553,158,"NLD","Netherlands",7,"Limburg",188,"Vaals"," "," ","Gemeente","Municipality"
24554,158,"NLD","Netherlands",7,"Limburg",189,"Valkenburg aan de Geul"," "," ","Gemeente","Municipality"
24555,158,"NLD","Netherlands",7,"Limburg",190,"Venlo"," "," ","Gemeente","Municipality"
24556,158,"NLD","Netherlands",7,"Limburg",191,"Venray"," "," ","Gemeente","Municipality"
24557,158,"NLD","Netherlands",7,"Limburg",192,"Voerendaal"," "," ","Gemeente","Municipality"
24558,158,"NLD","Netherlands",7,"Limburg",193,"Weert"," "," ","Gemeente","Municipality"
24559,158,"NLD","Netherlands",8,"Noord-Brabant",194,"'s-Hertogenbosch"," "," ","Gemeente","Municipality"
24560,158,"NLD","Netherlands",8,"Noord-Brabant",195,"Aalburg"," "," ","Gemeente","Municipality"
24561,158,"NLD","Netherlands",8,"Noord-Brabant",196,"Alphen-Chaam"," "," ","Gemeente","Municipality"
24562,158,"NLD","Netherlands",8,"Noord-Brabant",197,"Asten"," "," ","Gemeente","Municipality"
24563,158,"NLD","Netherlands",8,"Noord-Brabant",198,"Baarle-Nassau"," "," ","Gemeente","Municipality"
24564,158,"NLD","Netherlands",8,"Noord-Brabant",199,"Bergeijk"," ","Bergeyk","Gemeente","Municipality"
24565,158,"NLD","Netherlands",8,"Noord-Brabant",200,"Bergen op Zoom"," "," ","Gemeente","Municipality"
24566,158,"NLD","Netherlands",8,"Noord-Brabant",201,"Bernheze"," "," ","Gemeente","Municipality"
24567,158,"NLD","Netherlands",8,"Noord-Brabant",202,"Best"," "," ","Gemeente","Municipality"
24568,158,"NLD","Netherlands",8,"Noord-Brabant",203,"Bladel"," "," ","Gemeente","Municipality"
24569,158,"NLD","Netherlands",8,"Noord-Brabant",204,"Boekel"," "," ","Gemeente","Municipality"
24570,158,"NLD","Netherlands",8,"Noord-Brabant",205,"Boxmeer"," "," ","Gemeente","Municipality"
24571,158,"NLD","Netherlands",8,"Noord-Brabant",206,"Boxtel"," "," ","Gemeente","Municipality"
24572,158,"NLD","Netherlands",8,"Noord-Brabant",207,"Breda"," "," ","Gemeente","Municipality"
24573,158,"NLD","Netherlands",8,"Noord-Brabant",208,"Cranendonck"," ","Budel","Gemeente","Municipality"
24574,158,"NLD","Netherlands",8,"Noord-Brabant",209,"Cuijk"," "," ","Gemeente","Municipality"
24575,158,"NLD","Netherlands",8,"Noord-Brabant",210,"Deurne"," "," ","Gemeente","Municipality"
24576,158,"NLD","Netherlands",8,"Noord-Brabant",211,"Dongen"," "," ","Gemeente","Municipality"
24577,158,"NLD","Netherlands",8,"Noord-Brabant",212,"Drimmelen"," ","Made","Gemeente","Municipality"
24578,158,"NLD","Netherlands",8,"Noord-Brabant",213,"Eersel"," "," ","Gemeente","Municipality"
24579,158,"NLD","Netherlands",8,"Noord-Brabant",214,"Eindhoven"," "," ","Gemeente","Municipality"
24580,158,"NLD","Netherlands",8,"Noord-Brabant",215,"Etten-Leur"," "," ","Gemeente","Municipality"
24581,158,"NLD","Netherlands",8,"Noord-Brabant",216,"Geertruidenberg"," "," ","Gemeente","Municipality"
24582,158,"NLD","Netherlands",8,"Noord-Brabant",217,"Geldrop"," "," ","Gemeente","Municipality"
24583,158,"NLD","Netherlands",8,"Noord-Brabant",218,"Gemert-Bakel"," "," ","Gemeente","Municipality"
24584,158,"NLD","Netherlands",8,"Noord-Brabant",219,"Gilze en Rijen"," "," ","Gemeente","Municipality"
24585,158,"NLD","Netherlands",8,"Noord-Brabant",220,"Goirle"," "," ","Gemeente","Municipality"
24586,158,"NLD","Netherlands",8,"Noord-Brabant",221,"Grave"," "," ","Gemeente","Municipality"
24587,158,"NLD","Netherlands",8,"Noord-Brabant",222,"Haaren"," "," ","Gemeente","Municipality"
24588,158,"NLD","Netherlands",8,"Noord-Brabant",223,"Halderberge"," "," ","Gemeente","Municipality"
24589,158,"NLD","Netherlands",8,"Noord-Brabant",224,"Heeze-Leende"," "," ","Gemeente","Municipality"
24590,158,"NLD","Netherlands",8,"Noord-Brabant",225,"Helmond"," "," ","Gemeente","Municipality"
24591,158,"NLD","Netherlands",8,"Noord-Brabant",226,"Heusden"," "," ","Gemeente","Municipality"
24592,158,"NLD","Netherlands",8,"Noord-Brabant",227,"Hilvarenbeek"," "," ","Gemeente","Municipality"
24593,158,"NLD","Netherlands",8,"Noord-Brabant",228,"Laarbeek"," "," ","Gemeente","Municipality"
24594,158,"NLD","Netherlands",8,"Noord-Brabant",229,"Landerd"," "," ","Gemeente","Municipality"
24595,158,"NLD","Netherlands",8,"Noord-Brabant",230,"Lith"," "," ","Gemeente","Municipality"
24596,158,"NLD","Netherlands",8,"Noord-Brabant",231,"Loon op Zand"," "," ","Gemeente","Municipality"
24597,158,"NLD","Netherlands",8,"Noord-Brabant",232,"Maasdonk"," "," ","Gemeente","Municipality"
24598,158,"NLD","Netherlands",8,"Noord-Brabant",254,"Veghel"," "," ","Gemeente","Municipality"
24599,158,"NLD","Netherlands",8,"Noord-Brabant",255,"Veldhoven"," "," ","Gemeente","Municipality"
24600,158,"NLD","Netherlands",8,"Noord-Brabant",256,"Vught"," "," ","Gemeente","Municipality"
24601,158,"NLD","Netherlands",8,"Noord-Brabant",257,"Waalre"," "," ","Gemeente","Municipality"
24602,158,"NLD","Netherlands",8,"Noord-Brabant",258,"Waalwijk"," "," ","Gemeente","Municipality"
24603,158,"NLD","Netherlands",8,"Noord-Brabant",259,"Werkendam"," "," ","Gemeente","Municipality"
24604,158,"NLD","Netherlands",8,"Noord-Brabant",260,"Woensdrecht"," "," ","Gemeente","Municipality"
24605,158,"NLD","Netherlands",8,"Noord-Brabant",261,"Woudrichem"," "," ","Gemeente","Municipality"
24606,158,"NLD","Netherlands",8,"Noord-Brabant",262,"Zundert"," "," ","Gemeente","Municipality"
24607,158,"NLD","Netherlands",9,"Noord-Holland",263,"Aalsmeer"," "," ","Gemeente","Municipality"
24608,158,"NLD","Netherlands",9,"Noord-Holland",264,"Alkmaar"," "," ","Gemeente","Municipality"
24609,158,"NLD","Netherlands",9,"Noord-Holland",265,"Amstelveen"," "," ","Gemeente","Municipality"
24610,158,"NLD","Netherlands",9,"Noord-Holland",266,"Amsterdam"," "," ","Gemeente","Municipality"
24611,158,"NLD","Netherlands",9,"Noord-Holland",267,"Andijk"," "," ","Gemeente","Municipality"
24612,158,"NLD","Netherlands",9,"Noord-Holland",268,"Anna Paulowna"," "," ","Gemeente","Municipality"
24613,158,"NLD","Netherlands",9,"Noord-Holland",269,"Beemster"," "," ","Gemeente","Municipality"
24614,158,"NLD","Netherlands",9,"Noord-Holland",270,"Bennebroek"," "," ","Gemeente","Municipality"
24615,158,"NLD","Netherlands",9,"Noord-Holland",271,"Bergen"," "," ","Gemeente","Municipality"
24616,158,"NLD","Netherlands",9,"Noord-Holland",272,"Beverwijk"," "," ","Gemeente","Municipality"
24617,158,"NLD","Netherlands",9,"Noord-Holland",273,"Blaricum"," "," ","Gemeente","Municipality"
24618,158,"NLD","Netherlands",9,"Noord-Holland",274,"Bloemendaal"," "," ","Gemeente","Municipality"
24619,158,"NLD","Netherlands",9,"Noord-Holland",275,"Bussum"," "," ","Gemeente","Municipality"
24620,158,"NLD","Netherlands",9,"Noord-Holland",276,"Castricum"," "," ","Gemeente","Municipality"
24621,158,"NLD","Netherlands",9,"Noord-Holland",277,"Den Helder"," "," ","Gemeente","Municipality"
24622,158,"NLD","Netherlands",9,"Noord-Holland",278,"Diemen"," "," ","Gemeente","Municipality"
24623,158,"NLD","Netherlands",9,"Noord-Holland",279,"Drechterland"," "," ","Gemeente","Municipality"
24624,158,"NLD","Netherlands",9,"Noord-Holland",280,"Edam-Volendam"," "," ","Gemeente","Municipality"
24625,158,"NLD","Netherlands",9,"Noord-Holland",281,"Enkhuizen"," "," ","Gemeente","Municipality"
24626,158,"NLD","Netherlands",9,"Noord-Holland",282,"Graft-De Rijp"," "," ","Gemeente","Municipality"
24627,158,"NLD","Netherlands",9,"Noord-Holland",283,"Haarlem"," "," ","Gemeente","Municipality"
24628,158,"NLD","Netherlands",9,"Noord-Holland",284,"Haarlemmerliede c.a."," ","Haarlemmerliede en Spaarnwoude","Gemeente","Municipality"
24629,158,"NLD","Netherlands",9,"Noord-Holland",285,"Haarlemmermeer"," "," ","Gemeente","Municipality"
24630,158,"NLD","Netherlands",9,"Noord-Holland",286,"Harenkarspel"," "," ","Gemeente","Municipality"
24631,158,"NLD","Netherlands",9,"Noord-Holland",287,"Heemskerk"," "," ","Gemeente","Municipality"
24632,158,"NLD","Netherlands",9,"Noord-Holland",288,"Heemstede"," "," ","Gemeente","Municipality"
24633,158,"NLD","Netherlands",9,"Noord-Holland",289,"Heerhugowaard"," "," ","Gemeente","Municipality"
24634,158,"NLD","Netherlands",9,"Noord-Holland",290,"Heiloo"," "," ","Gemeente","Municipality"
24635,158,"NLD","Netherlands",9,"Noord-Holland",291,"Hilversum"," "," ","Gemeente","Municipality"
24636,158,"NLD","Netherlands",9,"Noord-Holland",292,"Hoorn"," "," ","Gemeente","Municipality"
24637,158,"NLD","Netherlands",9,"Noord-Holland",293,"Huizen"," "," ","Gemeente","Municipality"
24638,158,"NLD","Netherlands",9,"Noord-Holland",294,"Landsmeer"," "," ","Gemeente","Municipality"
24639,158,"NLD","Netherlands",9,"Noord-Holland",295,"Langedijk"," "," ","Gemeente","Municipality"
24640,158,"NLD","Netherlands",9,"Noord-Holland",296,"Laren"," "," ","Gemeente","Municipality"
24641,158,"NLD","Netherlands",9,"Noord-Holland",297,"Medemblik"," "," ","Gemeente","Municipality"
24642,158,"NLD","Netherlands",9,"Noord-Holland",298,"Muiden"," "," ","Gemeente","Municipality"
24643,158,"NLD","Netherlands",9,"Noord-Holland",299,"Naarden"," "," ","Gemeente","Municipality"
24644,158,"NLD","Netherlands",9,"Noord-Holland",300,"Niedorp"," "," ","Gemeente","Municipality"
24645,158,"NLD","Netherlands",9,"Noord-Holland",301,"Noorder-Koggenland"," "," ","Gemeente","Municipality"
24646,158,"NLD","Netherlands",9,"Noord-Holland",302,"Obdam"," "," ","Gemeente","Municipality"
24647,158,"NLD","Netherlands",9,"Noord-Holland",303,"Oostzaan"," "," ","Gemeente","Municipality"
24648,158,"NLD","Netherlands",9,"Noord-Holland",304,"Opmeer"," "," ","Gemeente","Municipality"
24649,158,"NLD","Netherlands",9,"Noord-Holland",305,"Ouder-Amstel"," "," ","Gemeente","Municipality"
24650,158,"NLD","Netherlands",9,"Noord-Holland",306,"Purmerend"," "," ","Gemeente","Municipality"
24651,158,"NLD","Netherlands",9,"Noord-Holland",307,"Schagen"," "," ","Gemeente","Municipality"
24652,158,"NLD","Netherlands",9,"Noord-Holland",308,"Schermer"," "," ","Gemeente","Municipality"
24653,158,"NLD","Netherlands",9,"Noord-Holland",309,"Stede Broec"," "," ","Gemeente","Municipality"
24654,158,"NLD","Netherlands",9,"Noord-Holland",310,"Texel"," "," ","Gemeente","Municipality"
24655,158,"NLD","Netherlands",9,"Noord-Holland",311,"Uitgeest"," "," ","Gemeente","Municipality"
24656,158,"NLD","Netherlands",9,"Noord-Holland",312,"Uithoorn"," "," ","Gemeente","Municipality"
24657,158,"NLD","Netherlands",9,"Noord-Holland",313,"Velsen"," "," ","Gemeente","Municipality"
24658,158,"NLD","Netherlands",9,"Noord-Holland",314,"Venhuizen"," "," ","Gemeente","Municipality"
24659,158,"NLD","Netherlands",9,"Noord-Holland",315,"Waterland"," "," ","Gemeente","Municipality"
24660,158,"NLD","Netherlands",9,"Noord-Holland",316,"Weesp"," "," ","Gemeente","Municipality"
24661,158,"NLD","Netherlands",9,"Noord-Holland",317,"Wervershoof"," "," ","Gemeente","Municipality"
24662,158,"NLD","Netherlands",9,"Noord-Holland",318,"Wester-Koggenland"," "," ","Gemeente","Municipality"
24663,158,"NLD","Netherlands",9,"Noord-Holland",319,"Wieringen"," "," ","Gemeente","Municipality"
24664,158,"NLD","Netherlands",9,"Noord-Holland",320,"Wieringermeer"," "," ","Gemeente","Municipality"
24665,158,"NLD","Netherlands",9,"Noord-Holland",321,"Wijdemeren"," "," ","Gemeente","Municipality"
24666,158,"NLD","Netherlands",9,"Noord-Holland",322,"Wognum"," "," ","Gemeente","Municipality"
24667,158,"NLD","Netherlands",9,"Noord-Holland",323,"Wormerland"," "," ","Gemeente","Municipality"
24668,158,"NLD","Netherlands",9,"Noord-Holland",324,"Zaanstad"," "," ","Gemeente","Municipality"
24669,158,"NLD","Netherlands",9,"Noord-Holland",325,"Zandvoort"," "," ","Gemeente","Municipality"
24670,158,"NLD","Netherlands",9,"Noord-Holland",326,"Zeevang"," "," ","Gemeente","Municipality"
24671,158,"NLD","Netherlands",9,"Noord-Holland",327,"Zijpe"," "," ","Gemeente","Municipality"
24672,158,"NLD","Netherlands",10,"Overijssel",328,"Almelo"," "," ","Gemeente","Municipality"
24673,158,"NLD","Netherlands",10,"Overijssel",329,"Bathmen"," "," ","Gemeente","Municipality"
24674,158,"NLD","Netherlands",10,"Overijssel",330,"Borne"," "," ","Gemeente","Municipality"
24675,158,"NLD","Netherlands",10,"Overijssel",331,"Dalfsen"," "," ","Gemeente","Municipality"
24676,158,"NLD","Netherlands",10,"Overijssel",332,"Deventer"," "," ","Gemeente","Municipality"
24677,158,"NLD","Netherlands",10,"Overijssel",333,"Dinkelland"," ","Denekamp","Gemeente","Municipality"
24678,158,"NLD","Netherlands",10,"Overijssel",334,"Enschede"," "," ","Gemeente","Municipality"
24679,158,"NLD","Netherlands",10,"Overijssel",335,"Haaksbergen"," "," ","Gemeente","Municipality"
24680,158,"NLD","Netherlands",10,"Overijssel",336,"Hardenberg"," "," ","Gemeente","Municipality"
24681,158,"NLD","Netherlands",10,"Overijssel",337,"Hellendoorn"," "," ","Gemeente","Municipality"
24682,158,"NLD","Netherlands",10,"Overijssel",338,"Hengelo"," "," ","Gemeente","Municipality"
24683,158,"NLD","Netherlands",10,"Overijssel",339,"Hof van Twente"," "," ","Gemeente","Municipality"
24684,158,"NLD","Netherlands",10,"Overijssel",340,"Kampen"," "," ","Gemeente","Municipality"
24685,158,"NLD","Netherlands",10,"Overijssel",341,"Losser"," "," ","Gemeente","Municipality"
24686,158,"NLD","Netherlands",10,"Overijssel",342,"Oldenzaal"," "," ","Gemeente","Municipality"
24687,158,"NLD","Netherlands",10,"Overijssel",343,"Olst-Wijhe"," ","Olst","Gemeente","Municipality"
24688,158,"NLD","Netherlands",10,"Overijssel",344,"Ommen"," "," ","Gemeente","Municipality"
24689,158,"NLD","Netherlands",10,"Overijssel",345,"Raalte"," "," ","Gemeente","Municipality"
24690,158,"NLD","Netherlands",10,"Overijssel",346,"Rijssen"," "," ","Gemeente","Municipality"
24691,158,"NLD","Netherlands",10,"Overijssel",347,"Staphorst"," "," ","Gemeente","Municipality"
24692,158,"NLD","Netherlands",10,"Overijssel",348,"Steenwijkerland"," ","Steenwijk","Gemeente","Municipality"
24693,158,"NLD","Netherlands",10,"Overijssel",349,"Tubbergen"," "," ","Gemeente","Municipality"
24694,158,"NLD","Netherlands",10,"Overijssel",350,"Twenterand"," ","Vriezeveen","Gemeente","Municipality"
24695,158,"NLD","Netherlands",10,"Overijssel",351,"Wierden"," "," ","Gemeente","Municipality"
24696,158,"NLD","Netherlands",10,"Overijssel",352,"Zwartewaterland"," "," ","Gemeente","Municipality"
24697,158,"NLD","Netherlands",10,"Overijssel",353,"Zwolle"," "," ","Gemeente","Municipality"
24698,158,"NLD","Netherlands",11,"Utrecht",354,"Abcoude"," "," ","Gemeente","Municipality"
24699,158,"NLD","Netherlands",11,"Utrecht",355,"Amerongen"," "," ","Gemeente","Municipality"
24700,158,"NLD","Netherlands",11,"Utrecht",356,"Amersfoort"," "," ","Gemeente","Municipality"
24701,158,"NLD","Netherlands",11,"Utrecht",357,"Baarn"," "," ","Gemeente","Municipality"
24702,158,"NLD","Netherlands",11,"Utrecht",358,"Breukelen"," "," ","Gemeente","Municipality"
24703,158,"NLD","Netherlands",11,"Utrecht",359,"Bunnik"," "," ","Gemeente","Municipality"
24704,158,"NLD","Netherlands",11,"Utrecht",360,"Bunschoten"," "," ","Gemeente","Municipality"
24705,158,"NLD","Netherlands",11,"Utrecht",361,"De Bilt"," "," ","Gemeente","Municipality"
24706,158,"NLD","Netherlands",11,"Utrecht",362,"De Ronde Venen"," "," ","Gemeente","Municipality"
24707,158,"NLD","Netherlands",11,"Utrecht",363,"Doorn"," "," ","Gemeente","Municipality"
24708,158,"NLD","Netherlands",11,"Utrecht",364,"Driebergen-Rijsenburg"," "," ","Gemeente","Municipality"
24709,158,"NLD","Netherlands",11,"Utrecht",365,"Eemnes"," "," ","Gemeente","Municipality"
24710,158,"NLD","Netherlands",11,"Utrecht",366,"Houten"," "," ","Gemeente","Municipality"
24711,158,"NLD","Netherlands",11,"Utrecht",367,"IJsselstein"," "," ","Gemeente","Municipality"
24712,158,"NLD","Netherlands",11,"Utrecht",368,"Leersum"," "," ","Gemeente","Municipality"
24713,158,"NLD","Netherlands",11,"Utrecht",369,"Leusden"," "," ","Gemeente","Municipality"
24714,158,"NLD","Netherlands",11,"Utrecht",370,"Loenen"," "," ","Gemeente","Municipality"
24715,158,"NLD","Netherlands",11,"Utrecht",371,"Lopik"," "," ","Gemeente","Municipality"
24716,158,"NLD","Netherlands",11,"Utrecht",372,"Maarn"," "," ","Gemeente","Municipality"
24717,158,"NLD","Netherlands",11,"Utrecht",373,"Maarssen"," "," ","Gemeente","Municipality"
24718,158,"NLD","Netherlands",11,"Utrecht",374,"Montfoort"," "," ","Gemeente","Municipality"
24719,158,"NLD","Netherlands",11,"Utrecht",375,"Nieuwegein"," "," ","Gemeente","Municipality"
24720,158,"NLD","Netherlands",11,"Utrecht",376,"Oudewater"," "," ","Gemeente","Municipality"
24721,158,"NLD","Netherlands",11,"Utrecht",377,"Renswoude"," "," ","Gemeente","Municipality"
24722,158,"NLD","Netherlands",11,"Utrecht",378,"Rhenen"," "," ","Gemeente","Municipality"
24723,158,"NLD","Netherlands",11,"Utrecht",379,"Soest"," "," ","Gemeente","Municipality"
24724,158,"NLD","Netherlands",11,"Utrecht",380,"Utrecht"," "," ","Gemeente","Municipality"
24725,158,"NLD","Netherlands",11,"Utrecht",381,"Veenendaal"," "," ","Gemeente","Municipality"
24726,158,"NLD","Netherlands",11,"Utrecht",382,"Vianen"," "," ","Gemeente","Municipality"
24727,158,"NLD","Netherlands",11,"Utrecht",383,"Wijk bij Duurstede"," "," ","Gemeente","Municipality"
24728,158,"NLD","Netherlands",11,"Utrecht",384,"Woerden"," "," ","Gemeente","Municipality"
24729,158,"NLD","Netherlands",11,"Utrecht",385,"Woudenberg"," "," ","Gemeente","Municipality"
24730,158,"NLD","Netherlands",11,"Utrecht",386,"Zeist"," "," ","Gemeente","Municipality"
24731,158,"NLD","Netherlands",12,"Zeeland",387,"Borsele"," "," ","Gemeente","Municipality"
24732,158,"NLD","Netherlands",12,"Zeeland",388,"Goes"," "," ","Gemeente","Municipality"
24733,158,"NLD","Netherlands",12,"Zeeland",389,"Hulst"," "," ","Gemeente","Municipality"
24734,158,"NLD","Netherlands",12,"Zeeland",390,"Kapelle"," "," ","Gemeente","Municipality"
24735,158,"NLD","Netherlands",12,"Zeeland",391,"Middelburg"," "," ","Gemeente","Municipality"
24736,158,"NLD","Netherlands",12,"Zeeland",392,"Noord-Beveland"," "," ","Gemeente","Municipality"
24737,158,"NLD","Netherlands",12,"Zeeland",393,"Reimerswaal"," "," ","Gemeente","Municipality"
24738,158,"NLD","Netherlands",12,"Zeeland",394,"Schouwen-Duiveland"," "," ","Gemeente","Municipality"
24739,158,"NLD","Netherlands",12,"Zeeland",395,"Sluis"," "," ","Gemeente","Municipality"
24740,158,"NLD","Netherlands",12,"Zeeland",396,"Terneuzen"," "," ","Gemeente","Municipality"
24741,158,"NLD","Netherlands",12,"Zeeland",397,"Tholen"," "," ","Gemeente","Municipality"
24742,158,"NLD","Netherlands",12,"Zeeland",398,"Veere"," "," ","Gemeente","Municipality"
24743,158,"NLD","Netherlands",12,"Zeeland",399,"Vlissingen"," "," ","Gemeente","Municipality"
24744,158,"NLD","Netherlands",13,"Zeeuwse meren",400," "," "," ","Gemeente","Water body"
24745,158,"NLD","Netherlands",14,"Zuid-Holland",401,"'s-Gravendeel"," "," ","Gemeente","Municipality"
24746,158,"NLD","Netherlands",14,"Zuid-Holland",402,"'s-Gravenhage"," "," ","Gemeente","Municipality"
24747,158,"NLD","Netherlands",14,"Zuid-Holland",403,"'s-Gravenzande"," "," ","Gemeente","Municipality"
24748,158,"NLD","Netherlands",14,"Zuid-Holland",404,"Alblasserdam"," "," ","Gemeente","Municipality"
24749,158,"NLD","Netherlands",14,"Zuid-Holland",405,"Albrandswaard"," "," ","Gemeente","Municipality"
24750,158,"NLD","Netherlands",14,"Zuid-Holland",406,"Alkemade"," "," ","Gemeente","Municipality"
24751,158,"NLD","Netherlands",14,"Zuid-Holland",407,"Alphen aan den Rijn"," "," ","Gemeente","Municipality"
24752,158,"NLD","Netherlands",14,"Zuid-Holland",408,"Barendrecht"," "," ","Gemeente","Municipality"
24753,158,"NLD","Netherlands",14,"Zuid-Holland",409,"Bergambacht"," "," ","Gemeente","Municipality"
24754,158,"NLD","Netherlands",14,"Zuid-Holland",410,"Bergschenhoek"," "," ","Gemeente","Municipality"
24755,158,"NLD","Netherlands",14,"Zuid-Holland",411,"Berkel en Rodenrijs"," "," ","Gemeente","Municipality"
24756,158,"NLD","Netherlands",14,"Zuid-Holland",412,"Bernisse"," "," ","Gemeente","Municipality"
24757,158,"NLD","Netherlands",14,"Zuid-Holland",413,"Binnenmaas"," "," ","Gemeente","Municipality"
24758,158,"NLD","Netherlands",14,"Zuid-Holland",414,"Bleiswijk"," "," ","Gemeente","Municipality"
24759,158,"NLD","Netherlands",14,"Zuid-Holland",415,"Bodegraven"," "," ","Gemeente","Municipality"
24760,158,"NLD","Netherlands",14,"Zuid-Holland",416,"Boskoop"," "," ","Gemeente","Municipality"
24761,158,"NLD","Netherlands",14,"Zuid-Holland",417,"Brielle"," "," ","Gemeente","Municipality"
24762,158,"NLD","Netherlands",14,"Zuid-Holland",418,"Capelle aan den IJssel"," "," ","Gemeente","Municipality"
24763,158,"NLD","Netherlands",14,"Zuid-Holland",419,"Cromstrijen"," "," ","Gemeente","Municipality"
24764,158,"NLD","Netherlands",14,"Zuid-Holland",420,"De Lier"," "," ","Gemeente","Municipality"
24765,158,"NLD","Netherlands",14,"Zuid-Holland",421,"Delft"," "," ","Gemeente","Municipality"
24766,158,"NLD","Netherlands",14,"Zuid-Holland",422,"Dirksland"," "," ","Gemeente","Municipality"
24767,158,"NLD","Netherlands",14,"Zuid-Holland",423,"Dordrecht"," "," ","Gemeente","Municipality"
24768,158,"NLD","Netherlands",14,"Zuid-Holland",424,"Giessenlanden"," "," ","Gemeente","Municipality"
24769,158,"NLD","Netherlands",14,"Zuid-Holland",425,"Goedereede"," "," ","Gemeente","Municipality"
24770,158,"NLD","Netherlands",14,"Zuid-Holland",426,"Gorinchem"," "," ","Gemeente","Municipality"
24771,158,"NLD","Netherlands",14,"Zuid-Holland",427,"Gouda"," "," ","Gemeente","Municipality"
24772,158,"NLD","Netherlands",14,"Zuid-Holland",428,"Graafstroom"," "," ","Gemeente","Municipality"
24773,158,"NLD","Netherlands",14,"Zuid-Holland",429,"Hardinxveld-Giessendam"," "," ","Gemeente","Municipality"
24774,158,"NLD","Netherlands",14,"Zuid-Holland",430,"Hellevoetsluis"," "," ","Gemeente","Municipality"
24775,158,"NLD","Netherlands",14,"Zuid-Holland",431,"Hendrik-Ido-Ambacht"," "," ","Gemeente","Municipality"
24776,158,"NLD","Netherlands",14,"Zuid-Holland",432,"Hillegom"," "," ","Gemeente","Municipality"
24777,158,"NLD","Netherlands",14,"Zuid-Holland",433,"Jacobswoude"," "," ","Gemeente","Municipality"
24778,158,"NLD","Netherlands",14,"Zuid-Holland",434,"Katwijk"," "," ","Gemeente","Municipality"
24779,158,"NLD","Netherlands",14,"Zuid-Holland",435,"Korendijk"," "," ","Gemeente","Municipality"
24780,158,"NLD","Netherlands",14,"Zuid-Holland",436,"Krimpen aan den IJssel"," "," ","Gemeente","Municipality"
24781,158,"NLD","Netherlands",14,"Zuid-Holland",437,"Leerdam"," "," ","Gemeente","Municipality"
24782,158,"NLD","Netherlands",14,"Zuid-Holland",438,"Leiden"," "," ","Gemeente","Municipality"
24783,158,"NLD","Netherlands",14,"Zuid-Holland",439,"Leiderdorp"," "," ","Gemeente","Municipality"
24784,158,"NLD","Netherlands",14,"Zuid-Holland",440,"Leidschendam-Voorburg"," "," ","Gemeente","Municipality"
24785,158,"NLD","Netherlands",14,"Zuid-Holland",441,"Liemeer"," "," ","Gemeente","Municipality"
24786,158,"NLD","Netherlands",14,"Zuid-Holland",442,"Liesveld"," "," ","Gemeente","Municipality"
24787,158,"NLD","Netherlands",14,"Zuid-Holland",443,"Lisse"," "," ","Gemeente","Municipality"
24788,158,"NLD","Netherlands",14,"Zuid-Holland",444,"Maasland"," "," ","Gemeente","Municipality"
24789,158,"NLD","Netherlands",14,"Zuid-Holland",445,"Maassluis"," "," ","Gemeente","Municipality"
24790,158,"NLD","Netherlands",14,"Zuid-Holland",446,"Middelharnis"," "," ","Gemeente","Municipality"
24791,158,"NLD","Netherlands",14,"Zuid-Holland",447,"Monster"," "," ","Gemeente","Municipality"
24792,158,"NLD","Netherlands",14,"Zuid-Holland",448,"Moordrecht"," "," ","Gemeente","Municipality"
24793,158,"NLD","Netherlands",14,"Zuid-Holland",449,"Naaldwijk"," "," ","Gemeente","Municipality"
24794,158,"NLD","Netherlands",14,"Zuid-Holland",450,"Nederlek"," "," ","Gemeente","Municipality"
24795,158,"NLD","Netherlands",14,"Zuid-Holland",451,"Nieuw-Lekkerland"," "," ","Gemeente","Municipality"
24796,158,"NLD","Netherlands",14,"Zuid-Holland",452,"Nieuwerkerk aan den IJssel"," "," ","Gemeente","Municipality"
24797,158,"NLD","Netherlands",14,"Zuid-Holland",453,"Nieuwkoop"," "," ","Gemeente","Municipality"
24798,158,"NLD","Netherlands",14,"Zuid-Holland",454,"Noordwijk"," "," ","Gemeente","Municipality"
24799,158,"NLD","Netherlands",14,"Zuid-Holland",455,"Noordwijkerhout"," "," ","Gemeente","Municipality"
24800,158,"NLD","Netherlands",14,"Zuid-Holland",456,"Oegstgeest"," "," ","Gemeente","Municipality"
24801,158,"NLD","Netherlands",14,"Zuid-Holland",457,"Oostflakkee"," "," ","Gemeente","Municipality"
24802,158,"NLD","Netherlands",14,"Zuid-Holland",458,"Oud-Beijerland"," "," ","Gemeente","Municipality"
24803,158,"NLD","Netherlands",14,"Zuid-Holland",459,"Ouderkerk"," "," ","Gemeente","Municipality"
24804,158,"NLD","Netherlands",14,"Zuid-Holland",460,"Papendrecht"," "," ","Gemeente","Municipality"
24805,158,"NLD","Netherlands",14,"Zuid-Holland",461,"Pijnacker-Nootdorp"," "," ","Gemeente","Municipality"
24806,158,"NLD","Netherlands",14,"Zuid-Holland",462,"Reeuwijk"," "," ","Gemeente","Municipality"
24807,158,"NLD","Netherlands",14,"Zuid-Holland",463,"Ridderkerk"," "," ","Gemeente","Municipality"
24808,158,"NLD","Netherlands",14,"Zuid-Holland",464,"Rijnsburg"," "," ","Gemeente","Municipality"
24809,158,"NLD","Netherlands",14,"Zuid-Holland",465,"Rijnwoude"," "," ","Gemeente","Municipality"
24810,158,"NLD","Netherlands",14,"Zuid-Holland",466,"Rijswijk"," "," ","Gemeente","Municipality"
24811,158,"NLD","Netherlands",14,"Zuid-Holland",467,"Rotterdam"," "," ","Gemeente","Municipality"
24812,158,"NLD","Netherlands",14,"Zuid-Holland",468,"Rozenburg"," "," ","Gemeente","Municipality"
24813,158,"NLD","Netherlands",14,"Zuid-Holland",490,"Zoeterwoude"," "," ","Gemeente","Municipality"
24814,158,"NLD","Netherlands",14,"Zuid-Holland",491,"Zwijndrecht"," "," ","Gemeente","Municipality"
